word,colour,stim_condition,correct_res,thisN,thisTrialN,thisRepN,key_resp.keys,key_resp.corr,key_resp.rt,key_resp.duration,trials.thisRepN,trials.thisTrialN,trials.thisN,trials.thisIndex,thisRow.t,notes,piloting,instructions.started,text2.started,text2.stopped,instructions.stopped,trial.started,fixation.started,fixation.stopped,text.started,key_resp.started,trial.stopped,trials.key_resp.keys,trials.key_resp.corr,trials.key_resp.rt,trials.key_resp.duration,THANKYOU.started,text3.started,text3.stopped,THANKYOU.stopped,participant,session,date,expName,expVersion,psychopyVersion,frameRate,expStart,
,,,,,,,,,,,,,,,,,False,0.059094500029459596,0.06271020002895966,1.0130786999943666,0.996153799991589,,,,,,,,,,,,,,,3N,001,2026-09-07_20h39.43.130,TUTORIAL 0.1,,2026.2.3,59.93475503820262,2026-09-07 20h39.43.217777 +0530,
RED,red,C,r,0,0,0,r,1,1.0735113000264391,None,0,0,0,0,1.0130786999943666,,,,,,,1.0032325999927707,1.0130786999943666,1.512422300002072,1.512422300002072,1.512422300002072,2.5986526000197046,r,1,1.0735113000264391,None,,,,,3N,001,2026-09-07_20h39.43.130,TUTORIAL 0.1,,2026.2.3,59.93475503820262,2026-09-07 20h39.43.217777 +0530,
BLUE,blue,C,b,1,1,0,b,1,0.8071553999907337,None,0,1,1,3,2.612991600006353,,,,,,,2.6012980000232346,2.612991600006353,3.1127529999939725,3.1127529999939725,3.1127529999939725,3.9293617000221275,b,1,0.8071553999907337,None,,,,,3N,001,2026-09-07_20h39.43.130,TUTORIAL 0.1,,2026.2.3,59.93475503820262,2026-09-07 20h39.43.217777 +0530,
RED,blue,I,b,2,2,0,b,1,0.6761451999773271,None,0,2,2,1,3.946041700022761,,,,,,,3.9305938000325114,3.946041700022761,4.4292308000149205,4.4292308000149205,4.4292308000149205,5.112565600022208,b,1,0.6761451999773271,None,,,,,3N,001,2026-09-07_20h39.43.130,TUTORIAL 0.1,,2026.2.3,59.93475503820262,2026-09-07 20h39.43.217777 +0530,
BLUE,red,I,r,3,3,0,r,1,1.1519680000492372,None,0,3,3,2,5.1289733000448905,,,,,,,5.114023800007999,5.1289733000448905,5.612436900031753,5.612436900031753,5.612436900031753,6.77919590001693,r,1,1.1519680000492372,None,,,,,3N,001,2026-09-07_20h39.43.130,TUTORIAL 0.1,,2026.2.3,59.93475503820262,2026-09-07 20h39.43.217777 +0530,
BLUE,blue,C,b,4,0,1,b,1,1.2621942999539897,None,1,0,4,3,6.7956223000073805,,,,,,,6.7794792000204325,6.7956223000073805,7.283325000025798,7.283325000025798,7.283325000025798,8.546073100005742,b,1,1.2621942999539897,None,,,,,3N,001,2026-09-07_20h39.43.130,TUTORIAL 0.1,,2026.2.3,59.93475503820262,2026-09-07 20h39.43.217777 +0530,
RED,red,C,r,5,1,1,r,1,1.1789835000527091,None,1,1,5,0,8.562505900044926,,,,,,,8.547630200046115,8.562505900044926,9.046149000001606,9.046149000001606,9.046149000001606,10.22925800003577,r,1,1.1789835000527091,None,,,,,3N,001,2026-09-07_20h39.43.130,TUTORIAL 0.1,,2026.2.3,59.93475503820262,2026-09-07 20h39.43.217777 +0530,
BLUE,red,I,r,6,2,1,r,1,0.7358566999901086,None,1,2,6,2,10.245868300029542,,,,,,,10.23057830001926,10.245868300029542,10.73367500002496,10.73367500002496,10.73367500002496,11.479344599996693,r,1,0.7358566999901086,None,,,,,3N,001,2026-09-07_20h39.43.130,TUTORIAL 0.1,,2026.2.3,59.93475503820262,2026-09-07 20h39.43.217777 +0530,
RED,blue,I,b,7,3,1,b,1,1.4547478000167757,None,1,3,7,1,11.495569800026715,,,,,,,11.480752400006168,11.495569800026715,11.980047999997623,11.980047999997623,11.980047999997623,13.44592610001564,b,1,1.4547478000167757,None,,,,,3N,001,2026-09-07_20h39.43.130,TUTORIAL 0.1,,2026.2.3,59.93475503820262,2026-09-07 20h39.43.217777 +0530,
BLUE,red,I,r,8,0,2,r,1,1.2495225999737158,None,2,0,8,2,13.465867199993227,,,,,,,13.447217700013425,13.465867199993227,13.948283600038849,13.948283600038849,13.948283600038849,15.213155400007963,r,1,1.2495225999737158,None,,,,,3N,001,2026-09-07_20h39.43.130,TUTORIAL 0.1,,2026.2.3,59.93475503820262,2026-09-07 20h39.43.217777 +0530,
BLUE,blue,C,b,9,1,2,b,1,1.0617936999769881,None,2,1,9,3,15.229108200001065,,,,,,,15.213442200038116,15.229108200001065,15.72899110004073,15.72899110004073,15.72899110004073,16.795683400006965,b,1,1.0617936999769881,None,,,,,3N,001,2026-09-07_20h39.43.130,TUTORIAL 0.1,,2026.2.3,59.93475503820262,2026-09-07 20h39.43.217777 +0530,
RED,blue,I,b,10,2,2,b,1,1.236270900000818,None,2,2,10,1,16.812137100030668,,,,,,,16.797310299996752,16.812137100030668,17.29585620004218,17.29585620004218,17.29585620004218,18.548543000011705,b,1,1.236270900000818,None,,,,,3N,001,2026-09-07_20h39.43.130,TUTORIAL 0.1,,2026.2.3,59.93475503820262,2026-09-07 20h39.43.217777 +0530,
RED,red,C,r,11,3,2,r,1,1.3391556999995373,None,2,3,11,0,18.562033199996222,,,,,,,18.54892240004847,18.562033199996222,19.06221280002501,19.06221280002501,19.06221280002501,20.415843199996743,r,1,1.3391556999995373,None,,,,,3N,001,2026-09-07_20h39.43.130,TUTORIAL 0.1,,2026.2.3,59.93475503820262,2026-09-07 20h39.43.217777 +0530,
RED,blue,I,b,12,0,3,b,1,1.9970003999769688,None,3,0,12,1,20.42887669999618,,,,,,,20.416183800029103,20.42887669999618,20.928920200036373,20.928920200036373,20.928920200036373,22.928812800033484,b,1,1.9970003999769688,None,,,,,3N,001,2026-09-07_20h39.43.130,TUTORIAL 0.1,,2026.2.3,59.93475503820262,2026-09-07 20h39.43.217777 +0530,
RED,red,C,r,13,1,3,r,1,1.4037325999815948,None,3,1,13,0,22.948180700012017,,,,,,,22.92910310003208,22.948180700012017,23.428941100020893,23.428941100020893,23.428941100020893,24.84546560002491,r,1,1.4037325999815948,None,,,,,3N,001,2026-09-07_20h39.43.130,TUTORIAL 0.1,,2026.2.3,59.93475503820262,2026-09-07 20h39.43.217777 +0530,
BLUE,red,I,r,14,2,3,r,1,0.9161343000014313,None,3,2,14,2,24.86567140003899,,,,,,,24.846758600033354,24.86567140003899,25.345093700045254,25.345093700045254,25.345093700045254,26.262237799994182,r,1,0.9161343000014313,None,,,,,3N,001,2026-09-07_20h39.43.130,TUTORIAL 0.1,,2026.2.3,59.93475503820262,2026-09-07 20h39.43.217777 +0530,
BLUE,blue,C,b,15,3,3,b,1,0.7189077000366524,None,3,3,15,3,26.278616600029636,,,,,,,26.262514200003352,26.278616600029636,26.762313899991568,26.762313899991568,26.762313899991568,27.49570940004196,b,1,0.7189077000366524,None,,,,,3N,001,2026-09-07_20h39.43.130,TUTORIAL 0.1,,2026.2.3,59.93475503820262,2026-09-07 20h39.43.217777 +0530,
BLUE,blue,C,b,16,0,4,b,1,0.5890139999683015,None,4,0,16,3,27.512004400021397,,,,,,,27.49599730002228,27.512004400021397,27.99675460002618,27.99675460002618,27.99675460002618,28.595697200042196,b,1,0.5890139999683015,None,,,,,3N,001,2026-09-07_20h39.43.130,TUTORIAL 0.1,,2026.2.3,59.93475503820262,2026-09-07 20h39.43.217777 +0530,
BLUE,red,I,r,17,1,4,r,1,0.6582770000095479,None,4,1,17,2,28.611532900016755,,,,,,,28.59598919999553,28.611532900016755,29.09541290003108,29.09541290003108,29.09541290003108,29.765863800013904,r,1,0.6582770000095479,None,,,,,3N,001,2026-09-07_20h39.43.130,TUTORIAL 0.1,,2026.2.3,59.93475503820262,2026-09-07 20h39.43.217777 +0530,
RED,blue,I,b,18,2,4,b,1,1.4219503000495024,None,4,2,18,1,29.77842210000381,,,,,,,29.767347800021525,29.77842210000381,30.27851080003893,30.27851080003893,30.27851080003893,31.711792000045534,b,1,1.4219503000495024,None,,,,,3N,001,2026-09-07_20h39.43.130,TUTORIAL 0.1,,2026.2.3,59.93475503820262,2026-09-07 20h39.43.217777 +0530,
RED,red,C,r,19,3,4,r,1,1.3672898999648169,None,4,3,19,0,31.728161800012458,,,,,,,31.712076900003012,31.728161800012458,32.21169190004002,32.21169190004002,32.21169190004002,33.59558429999743,r,1,1.3672898999648169,None,,,,,3N,001,2026-09-07_20h39.43.130,TUTORIAL 0.1,,2026.2.3,59.93475503820262,2026-09-07 20h39.43.217777 +0530,
RED,red,C,r,20,0,5,r,1,1.0141514000133611,None,5,0,20,0,33.61146909999661,,,,,,,33.595920199994,33.61146909999661,34.09489860001486,34.09489860001486,34.09489860001486,35.111443100031465,r,1,1.0141514000133611,None,,,,,3N,001,2026-09-07_20h39.43.130,TUTORIAL 0.1,,2026.2.3,59.93475503820262,2026-09-07 20h39.43.217777 +0530,
BLUE,red,I,r,21,1,5,r,1,0.927761200000532,None,5,1,21,2,35.12808180000866,,,,,,,35.112837699998636,35.12808180000866,35.61120070004836,35.61120070004836,35.61120070004836,36.54513720003888,r,1,0.927761200000532,None,,,,,3N,001,2026-09-07_20h39.43.130,TUTORIAL 0.1,,2026.2.3,59.93475503820262,2026-09-07 20h39.43.217777 +0530,
RED,blue,I,b,22,2,5,b,1,1.9902606999967247,None,5,2,22,1,36.56134730001213,,,,,,,36.54635620000772,36.56134730001213,37.04504920000909,37.04504920000909,37.04504920000909,39.04499030002626,b,1,1.9902606999967247,None,,,,,3N,001,2026-09-07_20h39.43.130,TUTORIAL 0.1,,2026.2.3,59.93475503820262,2026-09-07 20h39.43.217777 +0530,
BLUE,blue,C,b,23,3,5,b,1,1.6067408999660984,None,5,3,23,3,39.06139310001163,,,,,,,39.04641569999512,39.06139310001163,39.54462430003332,39.54462430003332,39.54462430003332,41.16500650002854,b,1,1.6067408999660984,None,,,,,3N,001,2026-09-07_20h39.43.130,TUTORIAL 0.1,,2026.2.3,59.93475503820262,2026-09-07 20h39.43.217777 +0530,
BLUE,blue,C,b,24,0,6,b,1,0.8631788999773562,None,6,0,24,3,41.177836999995634,,,,,,,41.16535460000159,41.177836999995634,41.67808420001529,41.67808420001529,41.67808420001529,42.544550899998285,b,1,0.8631788999773562,None,,,,,3N,001,2026-09-07_20h39.43.130,TUTORIAL 0.1,,2026.2.3,59.93475503820262,2026-09-07 20h39.43.217777 +0530,
RED,blue,I,b,25,1,6,b,1,0.8020932999788783,None,6,1,25,1,42.56121670000721,,,,,,,42.54624039999908,42.56121670000721,43.044369500014,43.044369500014,43.044369500014,43.861988999997266,b,1,0.8020932999788783,None,,,,,3N,001,2026-09-07_20h39.43.130,TUTORIAL 0.1,,2026.2.3,59.93475503820262,2026-09-07 20h39.43.217777 +0530,
RED,red,C,r,26,2,6,r,1,1.1044414000352845,None,6,2,26,0,43.87780529999873,,,,,,,43.86234740004875,43.87780529999873,44.37776570004644,44.37776570004644,44.37776570004644,45.49469660001341,r,1,1.1044414000352845,None,,,,,3N,001,2026-09-07_20h39.43.130,TUTORIAL 0.1,,2026.2.3,59.93475503820262,2026-09-07 20h39.43.217777 +0530,
BLUE,red,I,r,27,3,6,r,1,0.6395863000070676,None,6,3,27,2,45.51144810003461,,,,,,,45.495896800013725,45.51144810003461,45.99444149999181,45.99444149999181,45.99444149999181,46.64473860000726,r,1,0.6395863000070676,None,,,,,3N,001,2026-09-07_20h39.43.130,TUTORIAL 0.1,,2026.2.3,59.93475503820262,2026-09-07 20h39.43.217777 +0530,
RED,blue,I,b,28,0,7,b,1,0.8271671000402421,None,7,0,28,1,46.66314240003703,,,,,,,46.646164200035855,46.66314240003703,47.1444050000282,47.1444050000282,47.1444050000282,47.97778830002062,b,1,0.8271671000402421,None,,,,,3N,001,2026-09-07_20h39.43.130,TUTORIAL 0.1,,2026.2.3,59.93475503820262,2026-09-07 20h39.43.217777 +0530,
RED,red,C,r,29,1,7,r,1,0.8917606000322849,None,7,1,29,0,47.99463860003743,,,,,,,47.978065800038166,47.99463860003743,48.477612900023814,48.477612900023814,48.477612900023814,49.377891000011005,r,1,0.8917606000322849,None,,,,,3N,001,2026-09-07_20h39.43.130,TUTORIAL 0.1,,2026.2.3,59.93475503820262,2026-09-07 20h39.43.217777 +0530,
BLUE,blue,C,b,30,2,7,b,1,0.7666360999573953,None,7,2,30,3,49.39420400001109,,,,,,,49.378977500018664,49.39420400001109,49.87777780002216,49.87777780002216,49.87777780002216,50.66097870003432,b,1,0.7666360999573953,None,,,,,3N,001,2026-09-07_20h39.43.130,TUTORIAL 0.1,,2026.2.3,59.93475503820262,2026-09-07 20h39.43.217777 +0530,
BLUE,red,I,r,31,3,7,r,1,0.8471985999494791,None,7,3,31,2,50.678554900048766,,,,,,,50.661364100000355,50.678554900048766,51.160788400040474,51.160788400040474,51.160788400040474,52.01113699999405,r,1,0.8471985999494791,None,,,,,3N,001,2026-09-07_20h39.43.130,TUTORIAL 0.1,,2026.2.3,59.93475503820262,2026-09-07 20h39.43.217777 +0530,
BLUE,blue,C,b,32,0,8,b,1,0.6458893000381067,None,8,0,32,3,52.027326600044034,,,,,,,52.01139980001608,52.027326600044034,52.510886600008234,52.510886600008234,52.510886600008234,53.160793900024146,b,1,0.6458893000381067,None,,,,,3N,001,2026-09-07_20h39.43.130,TUTORIAL 0.1,,2026.2.3,59.93475503820262,2026-09-07 20h39.43.217777 +0530,
RED,blue,I,b,33,1,8,b,1,0.582864600000903,None,8,1,33,1,53.177575000037905,,,,,,,53.162107400014065,53.177575000037905,53.66237120004371,53.66237120004371,53.66237120004371,54.26261000003433,b,1,0.582864600000903,None,,,,,3N,001,2026-09-07_20h39.43.130,TUTORIAL 0.1,,2026.2.3,59.93475503820262,2026-09-07 20h39.43.217777 +0530,
RED,red,C,r,34,2,8,r,1,0.8112237000023015,None,8,2,34,0,54.28238510002848,,,,,,,54.26304590003565,54.28238510002848,54.777398100006394,54.777398100006394,54.777398100006394,55.594183500041254,r,1,0.8112237000023015,None,,,,,3N,001,2026-09-07_20h39.43.130,TUTORIAL 0.1,,2026.2.3,59.93475503820262,2026-09-07 20h39.43.217777 +0530,
BLUE,red,I,r,35,3,8,r,1,0.6971108000143431,None,8,3,35,2,55.61074410000583,,,,,,,55.595718000025954,55.61074410000583,56.09380070003681,56.09380070003681,56.09380070003681,56.793711300008,r,1,0.6971108000143431,None,,,,,3N,001,2026-09-07_20h39.43.130,TUTORIAL 0.1,,2026.2.3,59.93475503820262,2026-09-07 20h39.43.217777 +0530,
RED,red,C,r,36,0,9,r,1,0.782545099966228,None,9,0,36,0,56.81050130003132,,,,,,,56.795021500031,56.81050130003132,57.29393830004847,57.29393830004847,57.29393830004847,58.081184300011955,r,1,0.782545099966228,None,,,,,3N,001,2026-09-07_20h39.43.130,TUTORIAL 0.1,,2026.2.3,59.93475503820262,2026-09-07 20h39.43.217777 +0530,
BLUE,red,I,r,37,1,9,r,1,0.8721742000197992,None,9,1,37,2,58.09372190001886,,,,,,,58.0825086000259,58.09372190001886,58.593836900021415,58.593836900021415,58.593836900021415,59.47741789999418,r,1,0.8721742000197992,None,,,,,3N,001,2026-09-07_20h39.43.130,TUTORIAL 0.1,,2026.2.3,59.93475503820262,2026-09-07 20h39.43.217777 +0530,
RED,blue,I,b,38,2,9,b,1,0.6983348000212573,None,9,2,38,1,59.49358130001929,,,,,,,59.47860730002867,59.49358130001929,59.97704510000767,59.97704510000767,59.97704510000767,60.677327000012156,b,1,0.6983348000212573,None,,,,,3N,001,2026-09-07_20h39.43.130,TUTORIAL 0.1,,2026.2.3,59.93475503820262,2026-09-07 20h39.43.217777 +0530,
BLUE,blue,C,b,39,3,9,b,1,0.705701400001999,None,9,3,39,3,60.69403080001939,,,,,,,60.67982620000839,60.69403080001939,61.17710980004631,61.17710980004631,61.17710980004631,61.89386720000766,b,1,0.705701400001999,None,,,,,3N,001,2026-09-07_20h39.43.130,TUTORIAL 0.1,,2026.2.3,59.93475503820262,2026-09-07 20h39.43.217777 +0530,
,,,,,,,,,,,,,,,,,,,,,,,,,,,,,,,,61.89393459999701,61.91037320002215,62.89372710004682,62.877180100011174,3N,001,2026-09-07_20h39.43.130,TUTORIAL 0.1,,2026.2.3,59.93475503820262,2026-09-07 20h39.43.217777 +0530,
